{"commitInfo":{"timestamp":1725984511657,"operation":"WRITE","operationParameters":{"mode":"Overwrite","partitionBy":"[]"},"isolationLevel":"Serializable","isBlindAppend":false,"operationMetrics":{"numFiles":"1","numOutputRows":"3","numOutputBytes":"6062"},"engineInfo":"Apache-Spark/3.4.3.5.3.20240722.5 Delta-Lake/2.4.0.19","txnId":"1d75c6a3-20a0-48ca-bd82-66f6153e9371"}}
{"protocol":{"minReaderVersion":1,"minWriterVersion":2}}
{"metaData":{"id":"9c37f7f8-2227-45df-843c-b9ef1c84a742","format":{"provider":"parquet","options":{}},"schemaString":"{\"type\":\"struct\",\"fields\":[{\"name\":\"year\",\"type\":\"integer\",\"nullable\":true,\"metadata\":{}},{\"name\":\"month\",\"type\":\"integer\",\"nullable\":true,\"metadata\":{}},{\"name\":\"Date\",\"type\":\"timestamp\",\"nullable\":true,\"metadata\":{}},{\"name\":\"Open\",\"type\":\"double\",\"nullable\":true,\"metadata\":{}},{\"name\":\"High\",\"type\":\"double\",\"nullable\":true,\"metadata\":{}},{\"name\":\"Low\",\"type\":\"double\",\"nullable\":true,\"metadata\":{}},{\"name\":\"Close\",\"type\":\"double\",\"nullable\":true,\"metadata\":{}},{\"name\":\"Adj_Close\",\"type\":\"double\",\"nullable\":true,\"metadata\":{}},{\"name\":\"Volume\",\"type\":\"long\",\"nullable\":true,\"metadata\":{}},{\"name\":\"day_of_month\",\"type\":\"integer\",\"nullable\":true,\"metadata\":{}},{\"name\":\"day_of_week\",\"type\":\"integer\",\"nullable\":true,\"metadata\":{}},{\"name\":\"7_day_moving_avg\",\"type\":\"double\",\"nullable\":true,\"metadata\":{}},{\"name\":\"30_day_moving_avg\",\"type\":\"double\",\"nullable\":true,\"metadata\":{}},{\"name\":\"daily_return\",\"type\":\"double\",\"nullable\":true,\"metadata\":{}},{\"name\":\"monthly_open\",\"type\":\"double\",\"nullable\":true,\"metadata\":{}},{\"name\":\"monthly_high\",\"type\":\"double\",\"nullable\":true,\"metadata\":{}},{\"name\":\"monthly_low\",\"type\":\"double\",\"nullable\":true,\"metadata\":{}},{\"name\":\"monthly_close\",\"type\":\"double\",\"nullable\":true,\"metadata\":{}},{\"name\":\"monthly_volume\",\"type\":\"long\",\"nullable\":true,\"metadata\":{}},{\"name\":\"Three_Component_Index\",\"type\":\"string\",\"nullable\":true,\"metadata\":{}},{\"name\":\"News_Based_Policy_Uncert_Index\",\"type\":\"string\",\"nullable\":true,\"metadata\":{}}]}","partitionColumns":[],"configuration":{},"createdTime":1725984507180}}
{"add":{"path":"part-00000-6523d167-6ab5-4c56-8945-ae27effc4f21-c000.snappy.parquet","partitionValues":{},"size":6062,"modificationTime":1725984510753,"dataChange":true,"stats":"{\"numRecords\":3,\"minValues\":{\"year\":2024,\"month\":9,\"Date\":\"2024-09-03T00:00:00.000Z\",\"Open\":138.44000244140625,\"High\":141.10000610351562,\"Low\":137.9499969482422,\"Close\":139.5,\"Adj_Close\":139.5,\"Volume\":6243300,\"day_of_month\":3,\"day_of_week\":3,\"7_day_moving_avg\":139.5,\"30_day_moving_avg\":139.5,\"daily_return\":0.008960573476702509,\"monthly_open\":140.4499969482422,\"monthly_high\":143.27999877929688,\"monthly_low\":137.9499969482422,\"monthly_close\":142.61000061035156,\"monthly_volume\":21807700},\"maxValues\":{\"year\":2024,\"month\":9,\"Date\":\"2024-09-05T00:00:00.000Z\",\"Open\":141.39999389648438,\"High\":143.27999877929688,\"Low\":140.30999755859375,\"Close\":142.61000061035156,\"Adj_Close\":142.61000061035156,\"Volume\":8733200,\"day_of_month\":5,\"day_of_week\":5,\"7_day_moving_avg\":140.95333353678384,\"30_day_moving_avg\":140.95333353678384,\"daily_return\":0.013214924407471136,\"monthly_open\":140.4499969482422,\"monthly_high\":143.27999877929688,\"monthly_low\":137.9499969482422,\"monthly_close\":142.61000061035156,\"monthly_volume\":21807700},\"nullCount\":{\"year\":0,\"month\":0,\"Date\":0,\"Open\":0,\"High\":0,\"Low\":0,\"Close\":0,\"Adj_Close\":0,\"Volume\":0,\"day_of_month\":0,\"day_of_week\":0,\"7_day_moving_avg\":0,\"30_day_moving_avg\":0,\"daily_return\":1,\"monthly_open\":0,\"monthly_high\":0,\"monthly_low\":0,\"monthly_close\":0,\"monthly_volume\":0,\"Three_Component_Index\":3,\"News_Based_Policy_Uncert_Index\":3}}","tags":{}}}
